Question,Solution,text,label
What should I do if I'm having trouble staying focused during lectures?,Try sitting at the front of the class to minimize distractions and actively take notes. Engage with the material by asking questions and participating in discussions. Consider using concentration techniques like the Pomodoro Technique.,###Human:\nSolve Student Counseling problem for What should I do if I'm having trouble staying focused during lectures?\n\n###Assistant:\nTry sitting at the front of the class to minimize distractions and actively take notes. Engage with the material by asking questions and participating in discussions. Consider using concentration techniques like the Pomodoro Technique.,0
How can I effectively prepare for a comprehensive exam?,Start studying well in advance and create a study plan that covers all topics. Use active study techniques such as summarizing and practice tests. Join or form a study group to review and discuss material.,###Human:\nSolve Student Counseling problem for How can I effectively prepare for a comprehensive exam?\n\n###Assistant:\nStart studying well in advance and create a study plan that covers all topics. Use active study techniques such as summarizing and practice tests. Join or form a study group to review and discuss material.,1
What should I do if I feel overwhelmed with my coursework?,"Break tasks into smaller, manageable parts and prioritize them. Seek help from professors, tutors, or academic advisors to address specific challenges. Practice stress management techniques to maintain balance.","###Human:\nSolve Student Counseling problem for What should I do if I feel overwhelmed with my coursework?\n\n###Assistant:\nBreak tasks into smaller, manageable parts and prioritize them. Seek help from professors, tutors, or academic advisors to address specific challenges. Practice stress management techniques to maintain balance.",0
How can I improve my time management skills?,"Create a daily or weekly schedule to allocate specific times for studying, activities, and relaxation. Set clear goals and deadlines for each task. Use tools like planners or apps to track your progress.","###Human:\nSolve Student Counseling problem for How can I improve my time management skills?\n\n###Assistant:\nCreate a daily or weekly schedule to allocate specific times for studying, activities, and relaxation. Set clear goals and deadlines for each task. Use tools like planners or apps to track your progress.",0
What are some ways to build self-confidence in my academic abilities?,Set achievable goals and celebrate small successes to build confidence. Seek feedback from instructors and peers to improve. Engage in activities that align with your strengths and interests to boost self-esteem.,###Human:\nSolve Student Counseling problem for What are some ways to build self-confidence in my academic abilities?\n\n###Assistant:\nSet achievable goals and celebrate small successes to build confidence. Seek feedback from instructors and peers to improve. Engage in activities that align with your strengths and interests to boost self-esteem.,0
How can I handle conflicts with classmates?,"Address conflicts directly but calmly, focusing on specific issues rather than personal attacks. Listen to the other person's perspective and seek common ground. If necessary, involve a mediator or counselor to help resolve the issue.","###Human:\nSolve Student Counseling problem for How can I handle conflicts with classmates?\n\n###Assistant:\nAddress conflicts directly but calmly, focusing on specific issues rather than personal attacks. Listen to the other person's perspective and seek common ground. If necessary, involve a mediator or counselor to help resolve the issue.",1
How can I stay motivated when working on long-term projects?,"Break the project into smaller, manageable tasks and set deadlines for each. Reward yourself for completing milestones. Stay organized and track your progress to maintain motivation and focus.","###Human:\nSolve Student Counseling problem for How can I stay motivated when working on long-term projects?\n\n###Assistant:\nBreak the project into smaller, manageable tasks and set deadlines for each. Reward yourself for completing milestones. Stay organized and track your progress to maintain motivation and focus.",0
What should I do if I'm struggling to balance study and social life?,Create a balanced schedule that includes both study and social activities. Prioritize your tasks and set boundaries for study time. Learn to say no to additional social commitments if they interfere with your academic responsibilities.,###Human:\nSolve Student Counseling problem for What should I do if I'm struggling to balance study and social life?\n\n###Assistant:\nCreate a balanced schedule that includes both study and social activities. Prioritize your tasks and set boundaries for study time. Learn to say no to additional social commitments if they interfere with your academic responsibilities.,0
How can I improve my organizational skills for better academic performance?,Use planners or digital tools to keep track of deadlines and assignments. Develop a consistent routine for organizing your study materials. Break large tasks into smaller steps and tackle them systematically.,###Human:\nSolve Student Counseling problem for How can I improve my organizational skills for better academic performance?\n\n###Assistant:\nUse planners or digital tools to keep track of deadlines and assignments. Develop a consistent routine for organizing your study materials. Break large tasks into smaller steps and tackle them systematically.,0
What strategies can help me succeed in online courses?,Create a dedicated study space and stick to a consistent schedule. Actively participate in online discussions and use available resources. Stay organized by tracking deadlines and using digital tools for assignments.,###Human:\nSolve Student Counseling problem for What strategies can help me succeed in online courses?\n\n###Assistant:\nCreate a dedicated study space and stick to a consistent schedule. Actively participate in online discussions and use available resources. Stay organized by tracking deadlines and using digital tools for assignments.,1
How can I overcome procrastination?,"Identify the reasons for procrastination and address them directly. Break tasks into smaller, manageable parts and set deadlines. Use productivity techniques like the Pomodoro Technique to stay focused.","###Human:\nSolve Student Counseling problem for How can I overcome procrastination?\n\n###Assistant:\nIdentify the reasons for procrastination and address them directly. Break tasks into smaller, manageable parts and set deadlines. Use productivity techniques like the Pomodoro Technique to stay focused.",0
What should I do if I feel unmotivated to study?,"Set small, achievable goals to build momentum. Find study methods that engage you, such as active learning or study groups. Remind yourself of your long-term goals and the reasons for your studies.","###Human:\nSolve Student Counseling problem for What should I do if I feel unmotivated to study?\n\n###Assistant:\nSet small, achievable goals to build momentum. Find study methods that engage you, such as active learning or study groups. Remind yourself of your long-term goals and the reasons for your studies.",0
How can I manage time effectively during busy periods?,Create a detailed schedule and prioritize your tasks based on urgency and importance. Avoid multitasking and focus on one task at a time. Use time management tools and techniques to stay organized.,###Human:\nSolve Student Counseling problem for How can I manage time effectively during busy periods?\n\n###Assistant:\nCreate a detailed schedule and prioritize your tasks based on urgency and importance. Avoid multitasking and focus on one task at a time. Use time management tools and techniques to stay organized.,0
What are some techniques to enhance concentration while studying?,"Eliminate distractions by creating a quiet, dedicated study space. Use concentration techniques like the Pomodoro Technique and take regular breaks. Practice mindfulness or meditation to improve focus.","###Human:\nSolve Student Counseling problem for What are some techniques to enhance concentration while studying?\n\n###Assistant:\nEliminate distractions by creating a quiet, dedicated study space. Use concentration techniques like the Pomodoro Technique and take regular breaks. Practice mindfulness or meditation to improve focus.",0
How can I improve my participation in class discussions?,Prepare for classes by reviewing material and forming questions in advance. Actively listen and contribute to discussions with thoughtful responses. Engage with classmates and show interest in diverse perspectives.,###Human:\nSolve Student Counseling problem for How can I improve my participation in class discussions?\n\n###Assistant:\nPrepare for classes by reviewing material and forming questions in advance. Actively listen and contribute to discussions with thoughtful responses. Engage with classmates and show interest in diverse perspectives.,1
What should I do if I'm having difficulty understanding course material?,Seek help from your instructor or teaching assistant for clarification. Use supplementary resources such as textbooks or online tutorials. Join study groups to discuss and understand the material collaboratively.,###Human:\nSolve Student Counseling problem for What should I do if I'm having difficulty understanding course material?\n\n###Assistant:\nSeek help from your instructor or teaching assistant for clarification. Use supplementary resources such as textbooks or online tutorials. Join study groups to discuss and understand the material collaboratively.,0
How can I effectively manage group projects?,Assign clear roles and responsibilities to each group member. Establish deadlines and hold regular meetings to track progress. Foster open communication and address conflicts promptly to ensure project success.,###Human:\nSolve Student Counseling problem for How can I effectively manage group projects?\n\n###Assistant:\nAssign clear roles and responsibilities to each group member. Establish deadlines and hold regular meetings to track progress. Foster open communication and address conflicts promptly to ensure project success.,1
What are some effective ways to stay organized with multiple assignments?,Use a planner or digital tool to track deadlines and tasks. Break assignments into smaller steps and create a timeline for completion. Regularly review and update your schedule to stay on track.,###Human:\nSolve Student Counseling problem for What are some effective ways to stay organized with multiple assignments?\n\n###Assistant:\nUse a planner or digital tool to track deadlines and tasks. Break assignments into smaller steps and create a timeline for completion. Regularly review and update your schedule to stay on track.,1
How can I handle academic stress and maintain my well-being?,"Practice stress management techniques such as deep breathing, exercise, and relaxation. Maintain a balanced lifestyle with adequate sleep and healthy nutrition. Seek support from counselors or support groups if needed.","###Human:\nSolve Student Counseling problem for How can I handle academic stress and maintain my well-being?\n\n###Assistant:\nPractice stress management techniques such as deep breathing, exercise, and relaxation. Maintain a balanced lifestyle with adequate sleep and healthy nutrition. Seek support from counselors or support groups if needed.",1
How can I effectively review for exams?,"Use active study methods such as practice tests, flashcards, and summarization. Review key concepts and create a study schedule leading up to the exam. Teach the material to someone else to reinforce your understanding.","###Human:\nSolve Student Counseling problem for How can I effectively review for exams?\n\n###Assistant:\nUse active study methods such as practice tests, flashcards, and summarization. Review key concepts and create a study schedule leading up to the exam. Teach the material to someone else to reinforce your understanding.",0
What should I do if I’m struggling with time management?,Identify time-wasting activities and reduce them. Create a structured daily schedule with specific time blocks for tasks. Use time management tools and techniques to help organize and prioritize your activities.,###Human:\nSolve Student Counseling problem for What should I do if I’m struggling with time management?\n\n###Assistant:\nIdentify time-wasting activities and reduce them. Create a structured daily schedule with specific time blocks for tasks. Use time management tools and techniques to help organize and prioritize your activities.,1
How can I stay focused while studying for long hours?,Take regular breaks using techniques like the Pomodoro Technique to avoid burnout. Stay hydrated and maintain a comfortable study environment. Use active study methods to keep your mind engaged and avoid distractions.,###Human:\nSolve Student Counseling problem for How can I stay focused while studying for long hours?\n\n###Assistant:\nTake regular breaks using techniques like the Pomodoro Technique to avoid burnout. Stay hydrated and maintain a comfortable study environment. Use active study methods to keep your mind engaged and avoid distractions.,0
What are some ways to enhance my note-taking skills?,Experiment with different note-taking methods such as the Cornell Method or mind mapping to find what works best for you. Focus on capturing main ideas and key concepts. Review and organize your notes regularly.,###Human:\nSolve Student Counseling problem for What are some ways to enhance my note-taking skills?\n\n###Assistant:\nExperiment with different note-taking methods such as the Cornell Method or mind mapping to find what works best for you. Focus on capturing main ideas and key concepts. Review and organize your notes regularly.,1
How can I stay motivated when working on a long-term academic goal?,Set intermediate goals and celebrate achievements along the way. Keep a visual reminder of your end goal to stay focused. Regularly review and adjust your plan to stay on track and maintain motivation.,###Human:\nSolve Student Counseling problem for How can I stay motivated when working on a long-term academic goal?\n\n###Assistant:\nSet intermediate goals and celebrate achievements along the way. Keep a visual reminder of your end goal to stay focused. Regularly review and adjust your plan to stay on track and maintain motivation.,1
What should I do if I’m having difficulty with academic writing?,"Start with a clear outline to organize your ideas. Use writing resources such as workshops, guides, or tutoring services for assistance. Revise and seek feedback to improve the clarity and quality of your writing.","###Human:\nSolve Student Counseling problem for What should I do if I’m having difficulty with academic writing?\n\n###Assistant:\nStart with a clear outline to organize your ideas. Use writing resources such as workshops, guides, or tutoring services for assistance. Revise and seek feedback to improve the clarity and quality of your writing.",1
How can I effectively prepare for oral presentations?,"Practice your presentation multiple times and seek feedback from peers or mentors. Use visual aids to enhance your message and ensure they are clear and professional. Focus on clear, confident delivery and engage with your audience.","###Human:\nSolve Student Counseling problem for How can I effectively prepare for oral presentations?\n\n###Assistant:\nPractice your presentation multiple times and seek feedback from peers or mentors. Use visual aids to enhance your message and ensure they are clear and professional. Focus on clear, confident delivery and engage with your audience.",1
What are some strategies to improve my research skills?,Learn and apply effective research methodologies. Utilize academic databases and libraries for high-quality sources. Practice critical evaluation of sources and seek guidance from research advisors or librarians.,###Human:\nSolve Student Counseling problem for What are some strategies to improve my research skills?\n\n###Assistant:\nLearn and apply effective research methodologies. Utilize academic databases and libraries for high-quality sources. Practice critical evaluation of sources and seek guidance from research advisors or librarians.,1
How can I manage my time effectively when balancing multiple responsibilities?,Create a detailed schedule with specific time blocks for each responsibility. Prioritize tasks and set clear deadlines. Use time management tools to track your progress and make adjustments as needed.,###Human:\nSolve Student Counseling problem for How can I manage my time effectively when balancing multiple responsibilities?\n\n###Assistant:\nCreate a detailed schedule with specific time blocks for each responsibility. Prioritize tasks and set clear deadlines. Use time management tools to track your progress and make adjustments as needed.,1
What should I do if I'm feeling disconnected from my academic community?,Engage in campus activities or join clubs related to your interests. Attend academic events or seminars to meet like-minded individuals. Reach out to professors or advisors for guidance and support.,###Human:\nSolve Student Counseling problem for What should I do if I'm feeling disconnected from my academic community?\n\n###Assistant:\nEngage in campus activities or join clubs related to your interests. Attend academic events or seminars to meet like-minded individuals. Reach out to professors or advisors for guidance and support.,1
How can I effectively handle academic feedback and criticism?,Approach feedback with an open mind and view it as an opportunity for growth. Clarify any points of confusion with the person providing feedback. Implement constructive suggestions to improve your work.,###Human:\nSolve Student Counseling problem for How can I effectively handle academic feedback and criticism?\n\n###Assistant:\nApproach feedback with an open mind and view it as an opportunity for growth. Clarify any points of confusion with the person providing feedback. Implement constructive suggestions to improve your work.,1
What are some methods to enhance my problem-solving skills in academic contexts?,Practice solving a variety of problems to build experience. Use analytical tools and frameworks to approach problems systematically. Seek feedback and learn from different perspectives to improve your skills.,###Human:\nSolve Student Counseling problem for What are some methods to enhance my problem-solving skills in academic contexts?\n\n###Assistant:\nPractice solving a variety of problems to build experience. Use analytical tools and frameworks to approach problems systematically. Seek feedback and learn from different perspectives to improve your skills.,0
How can I stay organized with a heavy academic workload?,"Develop a comprehensive schedule that includes deadlines, study sessions, and personal time. Use organizational tools like planners or apps to track your tasks. Break large tasks into smaller steps to manage them more effectively.","###Human:\nSolve Student Counseling problem for How can I stay organized with a heavy academic workload?\n\n###Assistant:\nDevelop a comprehensive schedule that includes deadlines, study sessions, and personal time. Use organizational tools like planners or apps to track your tasks. Break large tasks into smaller steps to manage them more effectively.",0
What should I do if I’m feeling unprepared for a major exam?,Review key concepts and create a focused study plan. Utilize practice exams to identify areas of weakness. Seek help from instructors or tutors to address any gaps in your knowledge.,###Human:\nSolve Student Counseling problem for What should I do if I’m feeling unprepared for a major exam?\n\n###Assistant:\nReview key concepts and create a focused study plan. Utilize practice exams to identify areas of weakness. Seek help from instructors or tutors to address any gaps in your knowledge.,1
How can I improve my ability to retain information?,"Use active learning techniques such as summarizing, questioning, and teaching others. Incorporate regular review sessions into your study routine. Use mnemonic devices and visual aids to enhance memory retention.","###Human:\nSolve Student Counseling problem for How can I improve my ability to retain information?\n\n###Assistant:\nUse active learning techniques such as summarizing, questioning, and teaching others. Incorporate regular review sessions into your study routine. Use mnemonic devices and visual aids to enhance memory retention.",1
What strategies can help me balance academic and extracurricular activities?,Prioritize your commitments and create a balanced schedule. Allocate specific times for academic work and extracurricular activities. Learn to delegate tasks and manage your time efficiently to avoid overcommitment.,###Human:\nSolve Student Counseling problem for What strategies can help me balance academic and extracurricular activities?\n\n###Assistant:\nPrioritize your commitments and create a balanced schedule. Allocate specific times for academic work and extracurricular activities. Learn to delegate tasks and manage your time efficiently to avoid overcommitment.,1
How can I improve my test-taking strategies?,Familiarize yourself with the test format and practice under timed conditions. Develop a test-taking strategy such as answering easier questions first. Manage your time effectively during the test and review your answers if possible.,###Human:\nSolve Student Counseling problem for How can I improve my test-taking strategies?\n\n###Assistant:\nFamiliarize yourself with the test format and practice under timed conditions. Develop a test-taking strategy such as answering easier questions first. Manage your time effectively during the test and review your answers if possible.,0
What should I do if I’m struggling to keep up with class material?,"Seek help from your instructor or academic advisor to understand the material better. Use additional resources such as textbooks, online tutorials, or tutoring services. Attend study groups for collaborative learning.","###Human:\nSolve Student Counseling problem for What should I do if I’m struggling to keep up with class material?\n\n###Assistant:\nSeek help from your instructor or academic advisor to understand the material better. Use additional resources such as textbooks, online tutorials, or tutoring services. Attend study groups for collaborative learning.",1
How can I stay engaged during online classes?,Participate actively in discussions and use interactive features like chat or polls. Set up a dedicated study space free from distractions. Establish a routine to maintain focus and commitment during online sessions.,###Human:\nSolve Student Counseling problem for How can I stay engaged during online classes?\n\n###Assistant:\nParticipate actively in discussions and use interactive features like chat or polls. Set up a dedicated study space free from distractions. Establish a routine to maintain focus and commitment during online sessions.,0
What are some ways to improve my writing skills for academic papers?,"Practice writing regularly and seek feedback from peers or mentors. Use writing guides and resources to enhance your skills. Focus on structure, clarity, and argumentation in your papers.","###Human:\nSolve Student Counseling problem for What are some ways to improve my writing skills for academic papers?\n\n###Assistant:\nPractice writing regularly and seek feedback from peers or mentors. Use writing guides and resources to enhance your skills. Focus on structure, clarity, and argumentation in your papers.",0
How can I effectively balance multiple academic projects?,Create a detailed project plan and timeline for each project. Prioritize tasks based on deadlines and importance. Allocate specific times for working on each project and track your progress regularly.,###Human:\nSolve Student Counseling problem for How can I effectively balance multiple academic projects?\n\n###Assistant:\nCreate a detailed project plan and timeline for each project. Prioritize tasks based on deadlines and importance. Allocate specific times for working on each project and track your progress regularly.,0
How can I maintain motivation throughout the semester?,Set short-term and long-term goals to keep yourself motivated. Regularly review your progress and adjust your strategies as needed. Reward yourself for achieving milestones and stay connected with your academic support network.,###Human:\nSolve Student Counseling problem for How can I maintain motivation throughout the semester?\n\n###Assistant:\nSet short-term and long-term goals to keep yourself motivated. Regularly review your progress and adjust your strategies as needed. Reward yourself for achieving milestones and stay connected with your academic support network.,0
How can I deal with academic burnout?,Identify the sources of your burnout and take steps to address them. Schedule regular breaks and practice self-care to recharge. Seek support from counselors or academic advisors to develop coping strategies.,###Human:\nSolve Student Counseling problem for How can I deal with academic burnout?\n\n###Assistant:\nIdentify the sources of your burnout and take steps to address them. Schedule regular breaks and practice self-care to recharge. Seek support from counselors or academic advisors to develop coping strategies.,0
What should I do if I’m having trouble staying on top of assignments?,Create a detailed list of assignments with deadlines and prioritize them. Use a planner or digital tool to track progress and set reminders. Break assignments into smaller tasks to make them more manageable.,###Human:\nSolve Student Counseling problem for What should I do if I’m having trouble staying on top of assignments?\n\n###Assistant:\nCreate a detailed list of assignments with deadlines and prioritize them. Use a planner or digital tool to track progress and set reminders. Break assignments into smaller tasks to make them more manageable.,1
How can I manage stress related to exams and deadlines?,"Develop a study plan that includes regular breaks and relaxation techniques. Use time management strategies to organize your study sessions and avoid last-minute cramming. Seek support from friends, family, or counselors if needed.","###Human:\nSolve Student Counseling problem for How can I manage stress related to exams and deadlines?\n\n###Assistant:\nDevelop a study plan that includes regular breaks and relaxation techniques. Use time management strategies to organize your study sessions and avoid last-minute cramming. Seek support from friends, family, or counselors if needed.",1
What are some effective ways to study for difficult subjects?,"Focus on understanding the core concepts and use active learning techniques such as summarizing, questioning, and practice problems. Seek help from tutors or study groups for additional support and clarification.","###Human:\nSolve Student Counseling problem for What are some effective ways to study for difficult subjects?\n\n###Assistant:\nFocus on understanding the core concepts and use active learning techniques such as summarizing, questioning, and practice problems. Seek help from tutors or study groups for additional support and clarification.",1
How can I improve my academic performance when I feel unprepared?,Identify specific areas where you feel unprepared and seek resources or help to address them. Develop a focused study plan and use effective study techniques. Manage your time effectively to catch up and improve.,###Human:\nSolve Student Counseling problem for How can I improve my academic performance when I feel unprepared?\n\n###Assistant:\nIdentify specific areas where you feel unprepared and seek resources or help to address them. Develop a focused study plan and use effective study techniques. Manage your time effectively to catch up and improve.,1
What are some strategies for dealing with challenging coursework?,"Break down complex material into smaller, manageable sections. Use various study resources such as textbooks, online materials, and tutoring. Engage with classmates and instructors to gain different perspectives.","###Human:\nSolve Student Counseling problem for What are some strategies for dealing with challenging coursework?\n\n###Assistant:\nBreak down complex material into smaller, manageable sections. Use various study resources such as textbooks, online materials, and tutoring. Engage with classmates and instructors to gain different perspectives.",1
How can I stay productive during online classes?,Create a structured schedule and set specific goals for each class. Minimize distractions by choosing a quiet study environment. Actively participate in online discussions and complete assignments on time.,###Human:\nSolve Student Counseling problem for How can I stay productive during online classes?\n\n###Assistant:\nCreate a structured schedule and set specific goals for each class. Minimize distractions by choosing a quiet study environment. Actively participate in online discussions and complete assignments on time.,0
How can I balance academic work with personal interests?,Allocate specific times for academic work and personal interests in your schedule. Prioritize tasks to ensure academic responsibilities are met while still dedicating time to personal activities. Be flexible and adjust as needed.,###Human:\nSolve Student Counseling problem for How can I balance academic work with personal interests?\n\n###Assistant:\nAllocate specific times for academic work and personal interests in your schedule. Prioritize tasks to ensure academic responsibilities are met while still dedicating time to personal activities. Be flexible and adjust as needed.,1
What should I do if I feel isolated in my academic environment?,Reach out to peers and join study groups or campus organizations to connect with others. Attend events and participate in activities to build relationships. Seek support from campus resources like counseling services.,###Human:\nSolve Student Counseling problem for What should I do if I feel isolated in my academic environment?\n\n###Assistant:\nReach out to peers and join study groups or campus organizations to connect with others. Attend events and participate in activities to build relationships. Seek support from campus resources like counseling services.,1
How can I improve my concentration during study sessions?,Create a study environment free from distractions and use concentration techniques such as setting specific goals and using timers. Take regular breaks to rest your mind and return to studying with renewed focus.,###Human:\nSolve Student Counseling problem for How can I improve my concentration during study sessions?\n\n###Assistant:\nCreate a study environment free from distractions and use concentration techniques such as setting specific goals and using timers. Take regular breaks to rest your mind and return to studying with renewed focus.,0
How can I effectively use feedback to enhance my academic performance?,Review feedback carefully to understand areas for improvement. Apply suggestions and make necessary changes to your work. Seek clarification on any points that are unclear and use feedback as a learning tool.,###Human:\nSolve Student Counseling problem for How can I effectively use feedback to enhance my academic performance?\n\n###Assistant:\nReview feedback carefully to understand areas for improvement. Apply suggestions and make necessary changes to your work. Seek clarification on any points that are unclear and use feedback as a learning tool.,1
How can I manage academic responsibilities while working part-time?,Create a detailed schedule to balance work and academic commitments. Prioritize tasks and set realistic goals for both work and study. Communicate with your employer about your academic schedule for better flexibility.,###Human:\nSolve Student Counseling problem for How can I manage academic responsibilities while working part-time?\n\n###Assistant:\nCreate a detailed schedule to balance work and academic commitments. Prioritize tasks and set realistic goals for both work and study. Communicate with your employer about your academic schedule for better flexibility.,0
What are some effective study techniques for complex subjects?,"Use active learning strategies such as summarizing, questioning, and problem-solving. Break down complex material into smaller sections and review regularly. Use visual aids and practice problems to reinforce learning.","###Human:\nSolve Student Counseling problem for What are some effective study techniques for complex subjects?\n\n###Assistant:\nUse active learning strategies such as summarizing, questioning, and problem-solving. Break down complex material into smaller sections and review regularly. Use visual aids and practice problems to reinforce learning.",1
How can I stay organized with multiple academic projects?,Use a project management tool or planner to track deadlines and progress. Break projects into smaller tasks and set specific milestones. Regularly review and adjust your plan to stay organized and meet deadlines.,###Human:\nSolve Student Counseling problem for How can I stay organized with multiple academic projects?\n\n###Assistant:\nUse a project management tool or planner to track deadlines and progress. Break projects into smaller tasks and set specific milestones. Regularly review and adjust your plan to stay organized and meet deadlines.,0
What should I do if I’m struggling with a particular academic skill?,Identify the specific skill you’re struggling with and seek targeted resources or tutoring. Practice regularly and use feedback to improve. Engage with peers or mentors who can offer support and advice.,###Human:\nSolve Student Counseling problem for What should I do if I’m struggling with a particular academic skill?\n\n###Assistant:\nIdentify the specific skill you’re struggling with and seek targeted resources or tutoring. Practice regularly and use feedback to improve. Engage with peers or mentors who can offer support and advice.,1
How can I improve my ability to manage stress during exams?,Develop a study plan that includes regular breaks and relaxation techniques. Practice mindfulness or meditation to manage anxiety. Use positive self-talk and maintain a healthy routine to stay balanced.,###Human:\nSolve Student Counseling problem for How can I improve my ability to manage stress during exams?\n\n###Assistant:\nDevelop a study plan that includes regular breaks and relaxation techniques. Practice mindfulness or meditation to manage anxiety. Use positive self-talk and maintain a healthy routine to stay balanced.,1
What should I do if I’m having difficulty understanding course material?,"Seek additional resources such as textbooks, online tutorials, or tutoring services. Participate in study groups or discussions with classmates. Don’t hesitate to ask your instructor for clarification or extra help.","###Human:\nSolve Student Counseling problem for What should I do if I’m having difficulty understanding course material?\n\n###Assistant:\nSeek additional resources such as textbooks, online tutorials, or tutoring services. Participate in study groups or discussions with classmates. Don’t hesitate to ask your instructor for clarification or extra help.",0
How can I maintain academic motivation when facing challenges?,"Set specific, achievable goals and celebrate small victories. Focus on the long-term benefits of overcoming challenges and maintain a positive mindset. Seek support from friends, family, or academic advisors for encouragement.","###Human:\nSolve Student Counseling problem for How can I maintain academic motivation when facing challenges?\n\n###Assistant:\nSet specific, achievable goals and celebrate small victories. Focus on the long-term benefits of overcoming challenges and maintain a positive mindset. Seek support from friends, family, or academic advisors for encouragement.",0
How can I stay productive when studying from home?,Create a dedicated study space and establish a consistent study routine. Minimize distractions and use productivity techniques such as the Pomodoro Technique. Set clear goals and track your progress regularly.,###Human:\nSolve Student Counseling problem for How can I stay productive when studying from home?\n\n###Assistant:\nCreate a dedicated study space and establish a consistent study routine. Minimize distractions and use productivity techniques such as the Pomodoro Technique. Set clear goals and track your progress regularly.,0
How can I improve my time management skills for academic success?,"Develop a daily or weekly schedule that includes time blocks for study, assignments, and personal activities. Prioritize tasks based on deadlines and importance. Use time management tools to help track and manage your tasks.","###Human:\nSolve Student Counseling problem for How can I improve my time management skills for academic success?\n\n###Assistant:\nDevelop a daily or weekly schedule that includes time blocks for study, assignments, and personal activities. Prioritize tasks based on deadlines and importance. Use time management tools to help track and manage your tasks.",0
How can I stay engaged in my academic work when feeling overwhelmed?,"Break down tasks into smaller, manageable parts and tackle them one at a time. Use stress management techniques such as deep breathing or meditation. Reach out to academic advisors or counselors for support and guidance.","###Human:\nSolve Student Counseling problem for How can I stay engaged in my academic work when feeling overwhelmed?\n\n###Assistant:\nBreak down tasks into smaller, manageable parts and tackle them one at a time. Use stress management techniques such as deep breathing or meditation. Reach out to academic advisors or counselors for support and guidance.",0
How can I effectively use academic resources available to me?,"Identify the resources most relevant to your needs, such as libraries, tutoring services, or academic journals. Schedule regular times to utilize these resources and seek assistance from librarians or academic advisors for guidance.","###Human:\nSolve Student Counseling problem for How can I effectively use academic resources available to me?\n\n###Assistant:\nIdentify the resources most relevant to your needs, such as libraries, tutoring services, or academic journals. Schedule regular times to utilize these resources and seek assistance from librarians or academic advisors for guidance.",0
How can I manage my workload effectively when facing multiple deadlines?,Create a detailed list of all deadlines and prioritize tasks based on urgency and importance. Use a calendar or planner to schedule work sessions and allocate specific times for each task. Regularly review and adjust your plan to stay on track.,###Human:\nSolve Student Counseling problem for How can I manage my workload effectively when facing multiple deadlines?\n\n###Assistant:\nCreate a detailed list of all deadlines and prioritize tasks based on urgency and importance. Use a calendar or planner to schedule work sessions and allocate specific times for each task. Regularly review and adjust your plan to stay on track.,0
How can I improve my academic performance despite feeling stressed?,"Develop effective stress management techniques such as regular exercise, relaxation practices, and proper sleep. Break down academic tasks into smaller, manageable steps and use a structured study plan to stay organized.","###Human:\nSolve Student Counseling problem for How can I improve my academic performance despite feeling stressed?\n\n###Assistant:\nDevelop effective stress management techniques such as regular exercise, relaxation practices, and proper sleep. Break down academic tasks into smaller, manageable steps and use a structured study plan to stay organized.",0
How can I enhance my critical thinking skills for academic success?,"Engage in activities that challenge your thinking, such as debates, problem-solving exercises, and analyzing complex texts. Practice questioning assumptions and evaluating evidence critically. Seek feedback from peers and mentors to improve your reasoning skills.","###Human:\nSolve Student Counseling problem for How can I enhance my critical thinking skills for academic success?\n\n###Assistant:\nEngage in activities that challenge your thinking, such as debates, problem-solving exercises, and analyzing complex texts. Practice questioning assumptions and evaluating evidence critically. Seek feedback from peers and mentors to improve your reasoning skills.",1
How can I effectively manage my academic responsibilities with a busy schedule?,Create a comprehensive schedule that includes all academic and personal commitments. Prioritize tasks based on deadlines and importance. Use time management tools to track your progress and adjust your schedule as needed to stay on top of your responsibilities.,###Human:\nSolve Student Counseling problem for How can I effectively manage my academic responsibilities with a busy schedule?\n\n###Assistant:\nCreate a comprehensive schedule that includes all academic and personal commitments. Prioritize tasks based on deadlines and importance. Use time management tools to track your progress and adjust your schedule as needed to stay on top of your responsibilities.,1
How can I stay motivated when I feel unchallenged by my coursework?,Seek out additional resources or advanced materials to deepen your understanding of the subject. Engage in supplementary activities or projects related to your coursework to enhance your learning experience. Discuss your concerns with your instructor to explore more challenging opportunities.,###Human:\nSolve Student Counseling problem for How can I stay motivated when I feel unchallenged by my coursework?\n\n###Assistant:\nSeek out additional resources or advanced materials to deepen your understanding of the subject. Engage in supplementary activities or projects related to your coursework to enhance your learning experience. Discuss your concerns with your instructor to explore more challenging opportunities.,0
How can I effectively prepare for a research project?,"Start by defining your research question and objectives. Conduct thorough background research and gather relevant sources. Create a detailed plan with milestones and deadlines, and regularly review your progress to ensure you stay on track.","###Human:\nSolve Student Counseling problem for How can I effectively prepare for a research project?\n\n###Assistant:\nStart by defining your research question and objectives. Conduct thorough background research and gather relevant sources. Create a detailed plan with milestones and deadlines, and regularly review your progress to ensure you stay on track.",1
How can I effectively collaborate with peers on group projects?,Establish clear roles and responsibilities for each team member. Communicate regularly and effectively to coordinate tasks and share progress. Use collaboration tools to streamline work and hold regular meetings to address any issues or updates.,###Human:\nSolve Student Counseling problem for How can I effectively collaborate with peers on group projects?\n\n###Assistant:\nEstablish clear roles and responsibilities for each team member. Communicate regularly and effectively to coordinate tasks and share progress. Use collaboration tools to streamline work and hold regular meetings to address any issues or updates.,1
How can I improve my ability to analyze academic texts?,Practice active reading by highlighting key points and summarizing sections. Use analytical frameworks to examine arguments and evidence. Discuss texts with peers or instructors to gain different perspectives and deepen your understanding.,###Human:\nSolve Student Counseling problem for How can I improve my ability to analyze academic texts?\n\n###Assistant:\nPractice active reading by highlighting key points and summarizing sections. Use analytical frameworks to examine arguments and evidence. Discuss texts with peers or instructors to gain different perspectives and deepen your understanding.,1
How can I manage my academic workload during peak times?,"Prioritize tasks based on deadlines and importance, and create a detailed plan for each day or week. Break large tasks into smaller, manageable parts. Use time management tools to stay organized and avoid last-minute stress.","###Human:\nSolve Student Counseling problem for How can I manage my academic workload during peak times?\n\n###Assistant:\nPrioritize tasks based on deadlines and importance, and create a detailed plan for each day or week. Break large tasks into smaller, manageable parts. Use time management tools to stay organized and avoid last-minute stress.",1
How can I improve my ability to focus during study sessions?,"Set specific, achievable goals for each study session and use techniques such as the Pomodoro Technique to maintain focus. Create a distraction-free study environment and take regular breaks to keep your mind fresh and engaged.","###Human:\nSolve Student Counseling problem for How can I improve my ability to focus during study sessions?\n\n###Assistant:\nSet specific, achievable goals for each study session and use techniques such as the Pomodoro Technique to maintain focus. Create a distraction-free study environment and take regular breaks to keep your mind fresh and engaged.",0
